A,Average Runtime,n
75,0.0007865993232484047,5
176,0.0018819354597929966,5
517,0.007843973925159235,5
