A,Average Runtime,n
75,0.00424014729299369,73
176,0.01669281200238857,73
517,0.1320915853901274,73
