A,Average Runtime,n
75,0.004450916849124187,34
176,0.018620310011942687,34
517,0.07585713574840765,34
