A,Average Runtime,n
75,0.0010223427547770725,7
176,0.003121827726910825,7
517,0.009366291799363057,7
