A,Average Runtime,n
75,7.806279856686915e-06,5
176,4.385201035031483e-06,5
517,6.593351910827438e-06,5
