A,Average Runtime,n
75,5.256021098720698e-06,7
176,5.411524681531166e-06,7
517,7.1531648089206975e-06,7
