A,Average Runtime,n
75,8.521596337585092e-06,16
176,6.9043590764317205e-06,16
517,1.0636445063677557e-05,16
