A,Average Runtime,n
75,1.5021646098722918e-05,73
176,1.33733081210341e-05,73
517,1.3031200238833308e-05,73
