A,Average Runtime,n
75,0.0007706446556528662,5
176,0.0020968725119426767,5
517,0.006735077876194267,5
