A,Average Runtime,n
75,0.0030600617038216648,16
176,0.007889754179936325,16
517,0.02466137539808917,16
