A,Average Runtime,n
75,9.33021496812847e-06,34
176,8.023984872618239e-06,34
517,9.205812101908962e-06,34
