A,Average Runtime,n
75,4.416301751592357e-06,5
176,2.460066679936309e-05,5
517,1.0045531449044687e-05,5
