A,Average Runtime,n
75,0.003359250597133745,16
176,0.008763995322452218,16
517,0.024770849920382164,16
