A,Average Runtime,n
75,0.0007591684912420381,5
176,0.002069255075636942,5
517,0.006876337330812101,5
