A,Average Runtime,n
75,0.004270968103105099,73
176,0.016006512490047742,73
517,0.11947383807722926,73
