A,Average Runtime,n
75,0.001143355642914018,7
176,0.003054712380573249,7
517,0.009933009056528663,7
