A,Average Runtime,n
75,0.004274544685509562,34
176,0.0172777542794586,34
517,0.0660559004279458,34
