A,Average Runtime,n
75,0.0007220031349522316,5
176,0.0018154421277866261,5
517,0.006913906996417194,5
